{"cameraMode":{"drawMode":0,"name":"Shaded","section":"Shading Mode"},"sceneLighting":true,"audioPlay":false,"sceneViewState":{"showFog":true,"showMaterialUpdate":false,"showSkybox":true,"showFlares":true,"showImageEffects":true,"showParticleSystems":true},"in2DMode":false,"pivot":{"x":0.009999990463256836,"y":4.789999961853027,"z":-7.594940185546875},"rotation":{"x":-0.23360678553581239,"y":-0.014579074457287789,"z":0.00350356032140553,"w":-0.9722155332565308},"size":5.302057266235352,"orthographic":false}